DATE,TIME,OPEN,HIGH,LOW,CLOSE,VOL
20201201,0000,13.48625,13.52875,13.23425,13.377,5 499 000
20201202,0000,13.35125,13.6725,13.23575,13.5405,4 991 360
20201203,0000,13.5795,13.6595,13.34,13.39675,3 212 280
20201204,0000,13.4395,13.55925,13.4055,13.55925,4 349 520
20201207,0000,13.60625,13.7285,13.50125,13.60975,4 038 840
20201208,0000,13.59425,13.59425,13.292,13.34725,6 059 320
20201209,0000,13.3,13.414,12.869,12.93025,7 875 680
20201210,0000,12.9075,13.06775,12.8735,12.9805,3 906 680
20201211,0000,12.9885,13.01825,12.8265,13.01625,4 554 560
20201214,0000,13.0835,13.38775,13.07825,13.316,7 063 400
20201215,0000,13.44375,13.44725,13.1885,13.36225,3 333 680
20201216,0000,13.427,13.427,13.21275,13.23675,10 844 080
20201217,0000,13.353,13.3745,13.18025,13.34425,6 119 720
20201218,0000,13.375,13.39625,13.075,13.26775,7 839 560
20201221,0000,13.0925,13.369,12.972,13.321,7 775 080
20201222,0000,13.325,13.325,13.05975,13.27375,4 345 760
20201223,0000,13.2595,13.26,13.00525,13.0095,5 013 400
20201224,0000,13.03725,13.13075,12.942,12.99875,3 096 440
20201228,0000,13.05975,13.06175,12.76525,12.90475,6 034 960
20201229,0000,12.94125,13.069,12.84325,12.9465,4 687 440
20201230,0000,12.9995,13.21125,12.901,13.14825,5 710 960
20201231,0000,13.137,13.142375,12.91925,13.05175,6 257 120
20210104,0000,13.09125,13.652,12.9785,13.1095,13 895 560
20210105,0000,13.11125,13.43725,13.09325,13.41025,5 427 440
20210106,0000,13.2225,13.23875,12.58775,12.6175,13 747 000
20210107,0000,12.969,13.37625,12.88775,13.34175,11 774 400
20210108,0000,13.359,13.4085,13.044,13.2805,9 686 560
20210111,0000,13.415,13.958,13.36275,13.613,12 928 720
20210112,0000,13.7,13.74775,13.35275,13.48975,6 906 640
20210113,0000,13.47475,13.611,13.39,13.52825,6 428 200
20210114,0000,13.57725,13.57725,13.186,13.197,7 059 880
20210115,0000,13.2195,13.325,12.85075,12.86,8 126 560
20210119,0000,13.0185,13.09075,12.85125,13.02125,4 409 800
20210120,0000,13.1255,13.42975,13.0625,13.36675,5 894 280
20210121,0000,13.41875,13.99775,13.259,13.86075,10 577 800
20210122,0000,13.75225,13.83925,13.636,13.71175,9 699 600
20210125,0000,13.80875,13.8245,13.24325,13.659,6 275 440
20210126,0000,13.592,13.63725,13.3915,13.432,3 994 720
20210127,0000,13.2075,13.21875,12.79525,12.91875,10 695 320
20210128,0000,12.99125,13.33475,12.97775,13.04025,5 794 360
20210129,0000,13.069,13.33125,12.91825,12.97175,7 647 640
20210201,0000,13.06025,13.2675,12.90925,13.23625,6 797 520
20210202,0000,13.39525,13.571,13.292,13.556,5 449 560
20210203,0000,13.64375,13.9295,13.52025,13.52025,7 809 480
20210204,0000,13.525,13.67075,13.34375,13.67075,4 759 120
20210205,0000,13.73,13.73,13.54975,13.58725,5 354 560
20210208,0000,13.749,14.47325,13.749,14.4425,12 648 760
20210209,0000,14.3505,14.575,14.2225,14.25875,5 689 680
20210210,0000,14.4755,14.905,14.36125,14.768,12 823 240
20210211,0000,14.9875,15.27225,14.94025,15.25825,10 730 600
20210212,0000,15.028,15.29075,14.77675,14.9665,11 038 240
20210216,0000,15.0645,15.367,14.9695,15.318,6 437 840
20210217,0000,15.15475,15.20475,14.78075,14.90775,7 015 760
20210218,0000,14.725,14.86,14.587,14.82275,5 710 600
20210219,0000,15.0425,15.175,14.84775,14.9285,7 762 640
20210222,0000,14.779375,15.12975,14.32625,14.35675,6 560 200
20210223,0000,14.062,14.238,13.40075,14.1375,8 506 240
20210224,0000,14.105,14.505,13.76925,14.50475,7 913 080
20210225,0000,14.04575,14.34375,13.2165,13.30075,19 127 960
20210226,0000,13.7845,13.85,13.36675,13.72025,14 419 200
20210301,0000,13.88225,13.9185,13.55975,13.84825,6 285 640
20210302,0000,13.90025,13.90025,13.396,13.396,4 887 920
20210303,0000,13.45,13.45,12.799,12.8,6 730 760
20210304,0000,12.7975,12.97125,12.0905,12.3605,10 638 680
20210305,0000,12.538,12.538,11.6845,12.4545,10 052 160
20210308,0000,12.451,12.451,11.57025,11.59075,12 518 960
20210309,0000,12.13025,12.61275,12.07475,12.5245,13 734 840
20210310,0000,12.83375,12.978,12.458,12.46725,7 296 760
20210311,0000,12.925,13.04425,12.738,12.99425,6 389 480
20210312,0000,12.64525,12.88625,12.59975,12.8565,6 003 200
20210315,0000,12.86425,13.205,12.78425,13.200625,4 603 960
20210316,0000,13.372,13.51175,13.125,13.28775,6 120 840
20210317,0000,13.04575,13.4515,13,13.346,5 410 080
20210318,0000,13.13125,13.15375,12.71825,12.71825,7 873 360
20210319,0000,12.778,12.9215,12.619,12.858,6 407 160
20210322,0000,12.916375,13.39375,12.916375,13.191,5 937 400
20210323,0000,13.25475,13.3375,13.0255,13.0685,4 810 320
20210324,0000,13.128,13.128,12.63925,12.641,5 974 360
20210325,0000,12.471,12.704,12.275,12.52975,8 007 080
20210326,0000,12.52575,12.85625,12.377,12.848,11 377 200
20210329,0000,12.81925,13.0625,12.7,12.9345,6 332 640
20210330,0000,12.83425,12.97525,12.7165,12.87225,4 429 960
20210331,0000,13.01925,13.46925,12.99925,13.35275,8 549 200
20210401,0000,13.582,13.8695,13.5125,13.81825,9 935 600
20210405,0000,13.86325,14.01075,13.73525,13.977,6 834 440
20210406,0000,13.9885,14.052,13.775,13.86,4 082 200
20210407,0000,13.834,14.24225,13.719,14.1335,7 907 680
20210408,0000,14.25275,14.46875,14.25,14.318,4 771 320
20210409,0000,14.24975,14.4055,14.175,14.4,5 026 800
20210412,0000,14.292,15.3525,14.14525,15.20575,21 858 920
20210413,0000,15.2435,15.69825,15.13425,15.68,16 575 840
20210414,0000,15.61,15.7165,15.22925,15.27575,8 001 040
20210415,0000,15.6375,16.2125,15.6375,16.14025,15 665 040
20210416,0000,16.05975,16.16575,15.87025,15.91,8 347 960
20210419,0000,15.51875,15.7925,15.24375,15.35725,7 404 240
20210420,0000,15.308,15.4915,14.975,15.16525,7 884 360
20210421,0000,15.12425,15.359,15.11725,15.359,3 900 480
20210422,0000,15.421,15.4275,14.787,14.8475,8 025 880
20210423,0000,14.91975,15.33425,14.91975,15.2695,6 071 520
20210426,0000,15.179,15.474,15.125,15.474,3 777 560
20210427,0000,15.6,15.66725,15.35925,15.39025,3 620 080
20210428,0000,15.37175,15.5265,15.21825,15.2645,3 313 240
20210429,0000,15.3975,15.4245,15.0715,15.32575,4 261 240
20210430,0000,15.187,15.35625,14.99925,15.00925,5 609 720
20210503,0000,15.1275,15.23275,14.79075,14.8335,3 692 800
20210504,0000,14.59075,14.622,14.01725,14.358,5 252 200
20210505,0000,14.709,14.80525,14.394,14.462,5 514 360
20210506,0000,14.49475,14.57125,14.229,14.51525,3 053 960
20210507,0000,14.83625,14.9675,14.67575,14.81525,6 181 160
20210510,0000,14.7575,14.7575,14.2505,14.271,4 725 720
20210511,0000,13.805,14.35475,13.753,14.327,4 641 080
20210512,0000,14.03975,14.24325,13.70925,13.7575,4 785 000
20210513,0000,14.025,14.07875,13.47575,13.66175,4 787 360
20210514,0000,13.88825,14.32625,13.75675,14.2335,6 442 880
20210517,0000,14.15,14.16675,13.85525,14.16425,4 845 320
20210518,0000,14.273375,14.402,14.00525,14.01325,3 762 120
20210519,0000,13.56775,14.07625,13.559,14.07025,5 985 360
20210520,0000,14.2875,14.68325,14.27425,14.61025,8 606 400
20210521,0000,15.15775,15.218,14.87125,14.9895,16 751 680
20210524,0000,15.2255,15.741,15.2185,15.597,7 948 200
20210525,0000,15.75125,15.8,15.48375,15.64825,5 160 320
20210526,0000,15.73375,15.78975,15.58875,15.71,4 897 760
20210527,0000,15.68125,15.75,15.47225,15.48025,8 524 960
20210528,0000,15.51825,16.27575,15.51825,16.24525,18 116 560
20210601,0000,16.26525,16.3875,15.91275,16.25175,7 687 520
20210602,0000,16.264,16.9175,16.253,16.7875,12 890 600
20210603,0000,16.69275,17.2555,16.58675,16.96675,14 098 680
20210604,0000,17.135,17.65975,17.097,17.57975,17 174 920
20210607,0000,17.571,17.802,17.19675,17.624,10 702 240
20210608,0000,17.548,17.61475,17.2515,17.45375,6 440 840
20210609,0000,17.524,17.575,17.2565,17.35775,8 308 960
20210610,0000,17.353,17.49175,17.1855,17.4285,7 051 360
20210611,0000,17.451,17.93825,17.451,17.8245,15 364 240
20210614,0000,17.90475,18.03625,17.664,18.01725,8 478 760
20210615,0000,17.917,18.001,17.73075,17.7915,6 345 960
20210616,0000,17.7925,17.95125,17.5875,17.8005,6 459 040
20210617,0000,17.781,18.835,17.767,18.66475,19 275 280
20210618,0000,18.815,19.3745,18.5885,18.58875,23 963 240
20210621,0000,18.425,18.53175,17.8275,18.44125,10 831 000
20210622,0000,18.46425,18.9635,18.3975,18.89675,10 603 280
20210623,0000,19.01375,19.1485,18.914,19.05875,6 128 120
20210624,0000,19.25,19.417,19.099,19.20975,7 396 920
20210625,0000,19.28775,19.34275,18.8995,19.028,7 626 600
20210628,0000,19.36225,20.07275,19.32625,19.98625,9 064 120
20210629,0000,19.89825,20.095,19.65725,20.03125,8 581 000
20210630,0000,19.9925,20.1585,19.86625,20.016,7 671 320
20210701,0000,20.143,20.455,20.025,20.212,10 615 680
20210702,0000,20.44025,20.5015,20.2895,20.48725,9 073 640
20210706,0000,20.7375,20.8375,20.35525,20.699,7 252 920
20210707,0000,20.86475,20.86625,20.34075,20.3725,7 004 080
20210708,0000,19.772875,20.12875,19.7055,19.90275,9 396 840
20210709,0000,19.9625,20.076,19.75875,20.04775,5 694 760
20210712,0000,20.24675,20.5305,20.1925,20.51775,5 215 400
20210713,0000,20.404,20.45,20.1225,20.24125,4 113 440
20210714,0000,20.3585,20.4145,19.7585,19.82375,4 818 800
20210715,0000,19.844,19.844,18.86375,18.96925,10 246 080
20210716,0000,19.01525,19.15,18.0775,18.15975,13 487 200
20210719,0000,17.901,19.02,17.8655,18.77875,11 358 440
20210720,0000,18.727,18.834,18.166,18.606,8 452 290
20210721,0000,18.912,19.527,18.755,19.423,7 228 390
20210722,0000,19.65,19.88,19.277,19.6,6 278 140
20210723,0000,19.678,19.69,19.253,19.553,6 133 500
20210726,0000,19.311,19.438,18.924,19.289,4 933 070
20210727,0000,19.264,19.618,18.745,19.211,6 014 840
20210728,0000,19.298,19.641,18.995,19.503,5 053 890
20210729,0000,19.518,19.852,19.354,19.656,6 043 550
20210730,0000,19.434,19.621,19.277,19.505,6 395 460
20210802,0000,19.694,19.96,19.362,19.752,6 651 430
20210803,0000,19.8,20.217,19.225,19.826,9 869 920
20210804,0000,19.967,20.316,19.828,20.276,8 714 210
20210805,0000,20.492,20.727,20.349,20.637,8 338 990
20210806,0000,20.481,20.5655,20.212,20.359,6 187 750
20210809,0000,20.422,20.506,20.15,20.296,3 422 560
20210810,0000,20.323,20.413,19.837,19.941,5 161 900
20210811,0000,20.025,20.041,19.431,19.697,5 219 340
20210812,0000,19.864,20.025,19.625,19.9,4 695 160
20210813,0000,19.922,20.211,19.854,20.195,5 598 900
20210816,0000,20.135,20.283,19.463,19.957,7 353 090
20210817,0000,19.675,19.762,19.27,19.458,5 377 830
20210818,0000,19.488,19.628,19,19.035,8 018 490
20210819,0000,19.495,20.493,18.763,19.808,22 758 120
20210820,0000,20.001,20.8615,19.942,20.82,23 726 970
20210823,0000,20.955,21.996,20.95,21.955,15 341 270
20210824,0000,21.772,21.958,21.535,21.788,9 089 690
20210825,0000,21.725,22.469,21.725,22.202,10 758 080
20210826,0000,22.187,22.339,21.796,22.071,5 706 720
20210827,0000,22.189,22.722,22.185,22.635,11 220 260
20210830,0000,22.819,23.043,22.555,22.684,7 965 830
20210831,0000,22.683,22.684,22.124,22.371,7 856 820
20210901,0000,22.485,22.695,22.361,22.433,6 877 740
20210902,0000,22.498,22.585,22.296,22.39,6 176 340
20210903,0000,22.327,22.985,22.201,22.848,10 481 740
20210907,0000,22.836,22.895,22.525,22.654,6 803 010
20210908,0000,22.481,22.603,21.978,22.337,8 088 440
20210909,0000,22.307,22.534,22.131,22.171,6 510 780
20210910,0000,22.322,22.626,22.273,22.473,9 686 410
20210913,0000,22.699,22.95,21.862,22.153,8 917 150
20210914,0000,22.275,22.405,22.098,22.251,5 481 910
20210915,0000,22.305,22.356,21.971,22.342,3 830 090
20210916,0000,22.161,22.273,21.928,22.238,4 266 590
20210917,0000,22.32,22.32,21.848,21.9,7 127 310
20210920,0000,21.134,21.433,20.668,21.126,10 302 590
20210921,0000,21.391,21.405,20.951,21.24,5 637 020
20210922,0000,21.369,21.958,21.197,21.956,7 440 490
20210923,0000,22.12,22.534,21.9,22.482,7 895 390
20210924,0000,22.072,22.147,21.862,22.086,6 863 230
20210927,0000,21.716,21.775,21.328,21.657,6 259 390
20210928,0000,21.201,21.403,20.651,20.702,8 353 410
20210929,0000,20.933,21.016,20.468,20.522,6 069 020
20210930,0000,20.789,21.065,20.689,20.712,5 376 970
20211001,0000,20.77,20.8485,20.204,20.723,6 574 060
20211004,0000,20.49,20.52,19.555,19.732,9 322 000
20211005,0000,19.95,20.648,19.86,20.451,7 365 760
20211006,0000,20.1,20.72,20.087,20.703,6 411 410
20211007,0000,21.1145,21.321,20.984,21.087,9 004 940
20211008,0000,21.127,21.201,20.778,20.825,4 068 120
20211011,0000,20.58,21.054,20.52,20.687,3 130 950
20211012,0000,20.85,21.05,20.533,20.667,3 616 070
20211013,0000,20.925,20.987,20.714,20.941,3 731 940
20211014,0000,21.286,21.753,21.135,21.745,6 653 470
20211015,0000,21.815,21.921,21.667,21.862,6 558 150
20211018,0000,21.73,22.29,21.665,22.221,5 537 780
20211019,0000,22.283,22.377,22.039,22.291,4 493 740
20211020,0000,22.293,22.433,21.982,22.109,3 957 960
20211021,0000,22.103,22.71,22.093,22.683,5 449 160
20211022,0000,22.839,23.125,22.5625,22.726,7 552 210
20211025,0000,22.9645,23.351,22.78,23.152,6 384 050
20211026,0000,23.978,25.259,23.925,24.705,12 909 220
20211027,0000,24.456,25.088,24.288,24.446,7 539 180
20211028,0000,24.878,24.95,24.526,24.95,6 435 810
20211029,0000,25.0005,25.708,25.0005,25.568,8 229 900
20211101,0000,25.648,25.885,25.23,25.847,6 346 910
20211102,0000,25.84,26.676,25.803,26.401,7 632 550
20211103,0000,26.67,26.776,26.24,26.59,6 548 450
20211104,0000,27.225,31.349,27.125,29.786,29 485 130
20211105,0000,30.187,31.329,29.421,29.749,19 427 700
20211108,0000,30.178,31.026,29.932,30.803,9 139 720
20211109,0000,32.282,32.3,29.973,30.648,12 465 660
20211110,0000,29.304,30.836,28.788,29.441,12 953 170
20211111,0000,30.468,30.59,29.792,30.388,5 888 510
20211112,0000,30.017,30.68,29.6315,30.39,8 977 800
20211115,0000,30.575,30.64,29.249,30.032,6 809 170
20211116,0000,29.759,30.376,29.741,30.192,4 755 170
20211117,0000,30.502,30.505,28.8,29.247,8 305 130
20211118,0000,32.336,32.751,31.33,31.661,16 208 260
20211119,0000,32.243,33.086,31.965,33,13 983 140
20211122,0000,33.517,34.611,31.905,31.919,15 008 310
20211123,0000,31.532,32.353,30.889,31.758,9 088 370
20211124,0000,31.435,32.852,30.944,32.675,7 398 610
20211126,0000,32.543,32.71,31.354,31.509,5 808 300
20211129,0000,32.421,33.412,32.057,33.382,7 815 740
20211130,0000,33.22,33.35,31.881,32.701,9 974 970
20211201,0000,33.241,33.285,31.392,31.407,9 059 630
20211202,0000,31.214,32.47,31.033,32.097,7 586 680
20211203,0000,32.018,32.129,30.135,30.743,9 712 280
20211206,0000,29.798,30.235,28.048,30.033,11 496 830
20211207,0000,30.98,32.449,30.655,32.449,10 144 780
20211208,0000,31.981,32.29,31.451,31.823,8 484 380
20211209,0000,31.708,32.198,30.4335,30.485,9 214 010
20211210,0000,31.163,31.304,29.861,30.208,10 908 630
20211213,0000,30.2185,30.276,28.121,28.136,9 196 320
20211214,0000,27.699,28.661,27.25,28.356,9 820 060
20211215,0000,28.4,30.5,27.895,30.472,12 403 340
20211216,0000,31.153,31.153,28.097,28.4,15 115 650
20211217,0000,27.985,28.911,27.766,27.788,10 430 110
20211220,0000,27.305,28.139,27.15,27.734,7 273 340
20211221,0000,28.426,29.117,27.408,29.08,8 591 550
20211222,0000,28.892,29.55,28.5385,29.403,7 466 650
20211223,0000,29.743,30.057,29.45,29.625,7 400 230
20211227,0000,29.66,31.083,29.654,30.951,7 451 380
20211228,0000,31.314,31.326,30.019,30.322,7 451 750
20211229,0000,30.273,30.537,29.374,29.993,7 717 340
20211230,0000,29.812,30.455,29.541,29.579,6 575 990
20211231,0000,29.673,30.03,29.335,29.398,6 224 180
20220103,0000,29.815,30.704,29.8005,30.116,7 556 390
20220104,0000,30.277,30.454,28.35,29.298,10 226 710
20220105,0000,28.921,29.4,27.535,27.602,9 173 260
20220106,0000,27.595,28.434,27.072,28.193,8 786 050
20220107,0000,28.17,28.408,27.065,27.233,8 259 430
20220110,0000,26.581,27.467,25.647,27.414,11 347 940
20220111,0000,27.315,28,26.85,27.822,7 978 480
20220112,0000,28.0665,28.578,27.613,27.99,6 140 250
20220113,0000,28.381,28.444,26.507,26.56,11 667 210
20220114,0000,26.309,27.185,26.23,26.917,7 344 370
20220118,0000,26.26,26.632,25.775,25.901,9 018 740
20220119,0000,26.084,26.54,25.059,25.06,10 044 200
20220120,0000,25.297,25.575,24.078,24.15,8 104 030
20220121,0000,23.507,24.812,23.268,23.351,18 691 000
20220124,0000,22.33,23.373,20.893,23.373,22 761 110
20220125,0000,22.546,22.937,22,22.321,14 377 130
20220126,0000,23.24,24.045,22.301,22.819,17 363 300
20220127,0000,23.575,23.986,21.676,21.94,12 180 160
20220128,0000,22.011,22.855,21.3,22.85,13 029 110
20220131,0000,23.174,24.507,23.058,24.507,10 226 870
20220201,0000,25.107,25.141,23.896,24.651,9 311 780
20220202,0000,25.73,25.817,24.572,25.249,9 747 370
20220203,0000,24.377,25.076,23.786,23.944,9 234 360
20220204,0000,23.948,24.635,23.662,24.313,7 993 940
20220207,0000,24.364,25.175,24.202,24.759,6 151 350
20220208,0000,24.34,25.228,23.985,25.093,8 054 290
20220209,0000,25.622,26.724,25.364,26.717,10 705 090
20220210,0000,25.995,26.912,25.6,25.841,11 694 020
20220211,0000,25.92,26.15,23.776,23.951,15 823 640
20220214,0000,23.938,24.874,23.762,24.253,7 808 120
20220215,0000,24.934,26.54,24.788,26.512,10 466 380
20220216,0000,26.238,26.58,25.555,26.523,16 635 590
20220217,0000,25.628,25.78,24.168,24.534,16 309 020
20220218,0000,24.74,24.977,23.1,23.603,13 027 330
20220222,0000,23.035,24.061,23,23.409,13 502 320
20220223,0000,23.802,24.151,22.305,22.388,11 608 920
20220224,0000,21.015,23.793,20.891,23.73,14 606 300
20220225,0000,23.721,24.214,23.384,24.16,12 201 060
20220228,0000,23.958,24.664,23.714,24.385,8 113 020
20220301,0000,24.275,24.37,23.134,23.46,7 888 970
20220302,0000,23.756,24.407,23.422,24.216,8 297 460
20220303,0000,24.2615,24.313,23.472,23.715,7 429 540
20220304,0000,23.389,23.666,22.486,22.928,9 489 150
20220307,0000,22.838,23.031,21.336,21.366,8 746 000
20220308,0000,21.29,22.369,20.661,21.52,15 270 970
20220309,0000,22.387,23.212,22.248,23.034,12 356 730
20220310,0000,22.531,22.78,21.883,22.664,8 876 230
20220311,0000,23.055,23.125,22.052,22.08,9 202 730
20220314,0000,21.821,22.255,21.164,21.32,7 607 400
20220315,0000,21.565,23.038,21.33,22.971,10 122 920
20220316,0000,23.508,24.593,23.179,24.5,13 721 100
20220317,0000,24.147,24.839,23.938,24.769,9 872 740
20220318,0000,24.807,26.567,24.633,26.441,19 582 360
20220321,0000,26.494,27.149,25.97,26.744,10 606 410
20220322,0000,26.731,27.236,26.101,26.536,8 827 570
20220323,0000,26.12,26.607,25.584,25.625,8 807 320
20220324,0000,26.165,28.313,25.921,28.154,15 767 880
20220325,0000,27.911,28.358,27.278,27.704,11 526 840
20220328,0000,27.749,28.25,27.224,28.211,6 432 800
20220329,0000,28.6945,28.934,27.987,28.659,8 157 170
20220330,0000,28.304,28.487,27.505,27.676,8 422 690
20220331,0000,27.759,28.245,27.273,27.275,10 493 680
20220401,0000,27.386,27.48,26.269,26.713,10 636 440
20220404,0000,26.748,27.554,26.629,27.359,6 052 360
20220405,0000,27.254,27.313,25.825,25.933,8 292 540
20220406,0000,24.934,25.288,24.004,24.39,12 725 000
20220407,0000,24.4315,24.715,23.478,24.188,10 485 370
20220408,0000,23.917,23.918,23.069,23.114,9 966 670
20220411,0000,22.184,22.313,21.664,21.921,10 832 770
20220412,0000,22.525,22.72,21.283,21.496,10 908 670
20220413,0000,21.728,22.428,21.466,22.204,7 740 330
20220414,0000,22.505,22.768,21.166,21.248,10 636 220
20220418,0000,21.204,22.084,21.089,21.783,7 429 170
20220419,0000,21.755,22.367,21.3185,22.202,6 958 120
20220420,0000,22.521,22.6685,21.201,21.48,8 007 260
20220421,0000,21.721,22.39,20,20.17,12 942 380
20220422,0000,20.314,20.483,19.5,19.51,9 624 660
20220425,0000,19.2,19.944,19.096,19.919,10 504 790
20220426,0000,19.718,19.775,18.671,18.79,10 522 860
20220427,0000,18.549,19.163,18.295,18.403,6 582 510
20220428,0000,19,20.031,18.495,19.785,9 602 290
20220429,0000,19.402,20.128,18.52,18.549,8 058 280
20220502,0000,18.5405,19.568,18.393,19.536,8 411 550
20220503,0000,19.419,19.818,19.149,19.611,5 327 760
20220504,0000,19.923,20.396,18.755,20.341,13 577 170
20220505,0000,19.852,19.9215,18.502,18.89,9 972 890
20220506,0000,18.716,19.51,17.996,18.686,11 837 140
20220509,0000,18.034,18.247,16.833,16.983,8 919 640
20220510,0000,17.689,18.198,17.034,17.594,9 985 030
20220511,0000,17.346,17.753,16.572,16.634,11 984 310
20220512,0000,16.219,16.788,15.568,16.179,14 472 080
20220513,0000,16.807,17.922,16.6,17.707,14 326 280
20220516,0000,17.509,17.784,17.115,17.261,7 189 780
20220517,0000,18.079,18.367,17.638,18.182,9 720 110
20220518,0000,17.705,18.114,16.869,16.94,9 624 190
20220519,0000,16.919,17.685,16.735,17.109,9 448 020
20220520,0000,17.372,17.4,15.759,16.702,14 278 230
20220523,0000,16.274,16.914,16.19,16.903,7 727 570
20220524,0000,16.51,16.588,15.784,16.168,8 825 230
20220525,0000,16.019,17.107,16,16.99,11 080 860
20220526,0000,16.0305,18.085,16.023,17.851,16 118 430
20220527,0000,18.1935,18.879,18.1,18.835,11 895 110
20220531,0000,18.98,19.174,18.354,18.647,8 981 040
20220601,0000,18.738,19.05,18.122,18.302,8 498 280
20220602,0000,18.287,19.617,18.208,19.599,9 890 950
20220603,0000,19.075,19.317,18.523,18.724,9 841 460
20220606,0000,19.139,19.334,18.57,18.794,5 797 980
20220607,0000,18.459,19,18.205,18.924,4 900 040
20220608,0000,18.799,19.171,18.537,18.648,5 700 760
20220609,0000,18.482,18.933,18.042,18.053,6 269 850
20220610,0000,17.577,17.692,16.869,16.977,10 147 330
20220613,0000,15.998,16.312,15.612,15.645,11 368 640
20220614,0000,15.731,16.065,15.415,15.841,7 635 990
20220615,0000,16.1,16.864,15.928,16.526,13 450 580
20220616,0000,15.847,15.934,15.401,15.602,10 310 990
20220617,0000,15.648,15.99,15.333,15.879,11 989 980
20220621,0000,16.4745,17.005,16.412,16.551,10 841 540
20220622,0000,16.256,16.661,16.185,16.366,12 364 770
20220623,0000,16.513,16.577,15.856,16.224,9 986 230
20220624,0000,16.499,17.139,16.313,17.128,10 953 000
20220627,0000,17.305,17.33,16.636,16.864,6 405 960
20220628,0000,16.91,17.2,15.946,15.981,7 020 810
20220629,0000,15.805,15.806,15.172,15.546,8 394 980
20220630,0000,15.361,15.564,14.872,15.16,13 112 470
20220701,0000,14.9,15.0595,14.395,14.517,11 938 510
20220705,0000,14.169,14.967,14.055,14.967,11 205 140
20220706,0000,15.024,15.318,14.799,15.13,9 085 600
20220707,0000,15.476,15.943,15.395,15.865,10 591 900
20220708,0000,15.432,16.035,15.394,15.834,8 408 710
20220711,0000,15.524,15.524,15.042,15.149,7 418 240
20220712,0000,15.268,15.423,14.881,15.082,8 994 380
20220713,0000,14.591,15.374,14.467,15.168,11 359 070
20220714,0000,15.09,15.47,14.733,15.372,9 962 520
20220715,0000,15.635,15.78,15.4475,15.759,9 784 230
20220718,0000,16.304,16.896,16.004,16.101,14 000 870
20220719,0000,16.494,17.109,16.175,16.991,15 892 430
20220720,0000,16.947,17.932,16.802,17.811,16 216 750
20220721,0000,17.877,18.144,17.547,18.05,12 518 520
20220722,0000,17.883,17.949,17.137,17.319,11 954 030
20220725,0000,17.019,17.114,16.655,17.023,9 420 080
20220726,0000,16.874,16.916,16.478,16.533,7 975 650
20220727,0000,17.057,17.933,16.92,17.784,12 625 580
20220728,0000,17.975,18.138,17.44,17.985,10 641 090
20220729,0000,17.7995,18.242,17.692,18.161,10 187 640
20220801,0000,18.175,18.838,17.997,18.442,10 836 830
20220802,0000,18.122,18.935,18.1,18.526,7 659 010
20220803,0000,18.184,18.968,18.163,18.888,8 338 570
20220804,0000,18.836,19.271,18.761,19.214,8 482 650
20220805,0000,18.787,19.219,18.67,18.988,8 047 090
20220808,0000,17.502,18.234,17.243,17.798,22 363 540
20220809,0000,17.245,17.446,16.725,17.092,12 891 220
20220810,0000,17.695,18.116,17.32,18.096,11 301 510
20220811,0000,18.131,18.707,17.878,17.944,11 552 270
20220812,0000,18.16,18.717,17.956,18.711,9 924 630
20220815,0000,18.704,19.164,18.617,19.032,7 807 240
20220816,0000,18.9195,19.142,18.503,18.887,8 289 320
20220817,0000,18.523,18.675,18.148,18.339,8 598 220
20220818,0000,18.301,18.862,18.193,18.773,8 105 360
20220819,0000,18.406,18.515,17.771,17.854,10 164 630
20220822,0000,17.465,17.544,16.966,17.039,9 921 480
20220823,0000,16.992,17.457,16.983,17.186,6 730 540
20220824,0000,17.012,17.403,16.9,17.212,8 201 230
20220825,0000,16.848,17.945,16.833,17.915,17 310 100
20220826,0000,17.859,17.92,16.238,16.257,18 296 840
20220829,0000,16.003,16.336,15.768,15.795,9 290 800
20220830,0000,15.961,16.03,15.183,15.47,10 895 700
20220831,0000,15.378,15.536,14.961,15.095,11 608 490
20220901,0000,14.209,14.38,13.271,13.936,24 025 460
20220902,0000,14.101,14.166,13.591,13.648,15 892 260
20220906,0000,13.727,13.773,13.353,13.462,12 767 680
20220907,0000,13.555,13.834,13.35,13.714,9 612 370
20220908,0000,13.45,14.007,13.37,13.989,14 950 040
20220909,0000,14.157,14.473,14.135,14.386,13 255 550
20220912,0000,14.365,14.542,14.2,14.506,10 294 960
20220913,0000,13.789,13.918,13.1,13.13,16 945 640
20220914,0000,13.254,13.2855,12.919,13.128,12 350 990
20220915,0000,13.025,13.231,12.795,12.931,11 160 670
20220916,0000,12.7415,13.211,12.62,13.199,13 554 600
20220919,0000,13.023,13.462,13.016,13.383,10 963 230
20220920,0000,13.2,13.48,13.058,13.174,8 863 590
20220921,0000,13.213,14.026,13.113,13.261,17 645 860
20220922,0000,13.066,13.147,12.429,12.563,14 635 210
20220923,0000,12.417,12.604,12.259,12.52,13 879 540
20220926,0000,12.518,12.657,12.214,12.224,9 763 380
20220927,0000,12.517,12.734,12.26,12.412,10 710 510
20220928,0000,12.401,12.822,12.357,12.731,11 746 000
20220929,0000,12.437,12.498,11.948,12.229,12 567 590
20220930,0000,12.079,12.632,12.076,12.137,13 920 200
20221003,0000,12.358,12.677,12.108,12.509,10 573 110
20221004,0000,12.879,13.219,12.879,13.171,12 568 430
20221005,0000,12.903,13.32,12.625,13.203,9 306 950
20221006,0000,13.22,13.652,13.105,13.131,11 765 990
20221007,0000,12.505,12.664,12.024,12.076,15 887 050
20221010,0000,12.037,12.115,11.41,11.666,12 227 690
20221011,0000,11.561,11.846,11.284,11.585,12 367 900
20221012,0000,11.579,11.731,11.347,11.502,9 033 560
20221013,0000,10.971,12.071,10.816,11.96,17 721 830
20221014,0000,12.058,12.107,11.205,11.237,14 485 540
20221017,0000,11.518,11.946,11.517,11.887,13 189 550
20221018,0000,12.383,12.486,11.62,11.969,12 946 260
20221019,0000,11.88,12.35,11.84,12.056,10 225 540
20221020,0000,12.113,12.766,12.113,12.188,14 479 070
20221021,0000,12.11,12.498,11.889,12.464,14 617 880
20221024,0000,12.526,12.709,12.065,12.6,12 353 250
20221025,0000,12.699,13.3,12.6725,13.258,11 164 120
20221026,0000,12.858,13.385,12.711,12.896,10 238 440
20221027,0000,13.664,13.825,13.126,13.177,14 116 570
20221028,0000,13.089,13.85,13.076,13.833,14 346 600
20221031,0000,13.783,13.838,13.3,13.499,7 940 330
20221101,0000,13.821,13.925,13.522,13.54,9 566 510
20221102,0000,13.85,14.208,13.213,13.214,16 251 670
20221103,0000,13.046,13.78,12.957,13.422,11 302 060
20221104,0000,14,14.229,13.7,14.169,16 253 300
20221107,0000,14.228,14.411,13.959,14.301,8 662 990
20221108,0000,14.825,14.891,14.22,14.607,13 231 680
20221109,0000,14.167,14.208,13.76,13.783,9 936 190
20221110,0000,14.794,15.773,14.548,15.749,19 199 560
20221111,0000,15.8075,16.388,15.483,16.328,15 003 270
20221114,0000,16.221,16.538,15.926,16.314,11 136 090
20221115,0000,16.7215,16.997,16.385,16.673,12 429 280
20221116,0000,16.1615,16.359,15.875,15.915,10 355 820
20221117,0000,15.715,16.265,15.539,15.677,16 343 770
20221118,0000,15.971,16,15.124,15.408,10 211 940
20221121,0000,15.132,15.476,15.09,15.321,7 020 120
20221122,0000,15.328,16.057,15.123,16.039,7 516 220
20221123,0000,16.085,16.527,16.06,16.523,8 502 390
20221125,0000,16.333,16.487,16.18,16.277,3 366 720
20221128,0000,16.026,16.353,15.726,15.828,5 714 440
20221129,0000,15.829,15.93,15.524,15.643,5 211 580
20221130,0000,15.685,16.929,15.609,16.928,13 941 920
20221201,0000,17.009,17.262,16.636,17.142,9 939 720
20221202,0000,16.659,16.93,16.448,16.884,7 208 840
20221205,0000,16.68,16.993,16.478,16.609,5 195 470
20221206,0000,16.53,16.563,15.821,15.991,6 624 480
20221207,0000,15.767,16.185,15.683,16.12,6 283 290
20221208,0000,16.268,17.179,15.964,17.176,12 471 080
20221209,0000,17.199,17.582,16.975,17,9 977 910
20221212,0000,17.023,17.536,16.801,17.536,7 411 400
20221213,0000,18.567,18.785,17.715,18.069,13 291 700
20221214,0000,17.986,18.252,17.439,17.671,7 676 950
20221215,0000,17.146,17.308,16.701,16.972,8 194 760
20221216,0000,16.864,17.036,16.414,16.577,9 218 170
20221219,0000,16.579,16.608,16.149,16.257,5 600 780
20221220,0000,16.064,16.295,15.855,16.084,6 921 490
20221221,0000,16.1145,16.626,16.1145,16.502,7 329 800
20221222,0000,16.0935,16.0995,14.882,15.332,11 519 570
20221223,0000,15.19,15.335,14.887,15.205,6 126 340
20221227,0000,15.074,15.094,14.057,14.12,9 889 940
20221228,0000,13.927,14.253,13.885,14.036,7 299 570
20221229,0000,14.402,14.682,14.237,14.598,7 111 110
20221230,0000,14.32,14.628,14.239,14.611,6 164 850
20230103,0000,14.866,14.996,14.1,14.315,7 339 960
20230104,0000,14.571,14.85,14.244,14.753,7 967 580
20230105,0000,14.491,14.535,14.15,14.27,7 787 800
20230106,0000,14.474,15.009,14.034,14.857,9 049 900
20230109,0000,15.305,16.052,15.148,15.631,8 742 400
20230110,0000,15.48,15.959,15.48,15.913,7 345 140
20230111,0000,15.835,16.022,15.563,16,6 940 740
20230112,0000,16.1,16.634,15.5,16.511,12 604 000
20230113,0000,16.251,16.922,16.174,16.899,9 797 590
20230117,0000,16.899,17.724,16.899,17.702,10 780 670
20230118,0000,17.6735,17.872,17.286,17.375,10 939 150
20230119,0000,17.036,17.197,16.732,16.766,10 150 100
20230120,0000,17.0085,17.853,16.829,17.853,13 497 070
20230123,0000,18.069,19.245,17.819,19.192,15 035 650
20230124,0000,18.837,19.484,18.825,19.265,9 503 480
20230125,0000,18.9125,19.365,18.581,19.332,8 723 800
20230126,0000,19.724,20.162,19.278,19.799,8 941 270
20230127,0000,19.462,20.627,19.424,20.356,10 233 070
20230130,0000,19.962,20.128,19.15,19.163,8 123 230
20230131,0000,19.1695,19.673,18.951,19.539,9 644 310
20230201,0000,19.71,21.19,19.611,20.947,13 705 260
20230202,0000,21,21.946,20.968,21.708,12 416 420
20230203,0000,21,21.741,20.791,21.099,8 760 600
20230206,0000,20.806,21.568,20.789,21.092,7 311 530
20230207,0000,21.371,22.258,21.158,22.174,10 544 930
20230208,0000,22.379,22.872,22.025,22.206,9 684 240
20230209,0000,22.606,23.018,22.125,22.336,10 318 790
20230210,0000,21.673,22.077,20.815,21.258,11 377 500
20230213,0000,21.537,22.047,20.967,21.794,8 724 290
20230214,0000,21.576,23.045,21.376,22.971,12 197 850
20230215,0000,22.551,22.85,22.107,22.753,8 056 010
20230216,0000,22.121,22.55,21.938,21.998,6 739 340
20230217,0000,21.631,21.728,20.976,21.386,12 055 260
20230221,0000,20.991,21.472,20.631,20.648,5 762 920
20230222,0000,20.715,21.104,20.424,20.796,5 809 680
20230223,0000,23.436,23.881,23.033,23.659,26 152 840
20230224,0000,23.179,23.464,22.95,23.287,13 933 970
20230227,0000,23.707,23.87,23.455,23.503,8 241 050
20230228,0000,23.372,23.818,23.211,23.218,9 377 940
20230301,0000,23.191,23.25,22.511,22.714,9 350 350
20230302,0000,22.47,23.378,22.441,23.315,8 342 980
20230303,0000,23.335,23.9,23.133,23.89,10 449 450
20230306,0000,23.891,24.246,23.492,23.569,6 713 880
20230307,0000,23.605,24.121,23.243,23.285,10 153 360
20230308,0000,23.487,24.2,23.437,24.184,10 600 320
20230309,0000,24.181,24.45,23.39,23.455,10 505 100
20230310,0000,23.403,23.624,22.732,22.962,12 584 810
20230313,0000,22.745,23.295,22.3,22.958,8 113 510
20230314,0000,23.496,24.217,23.481,24.043,9 606 410
20230315,0000,23.735,24.286,23.365,24.235,11 210 400
20230316,0000,24.03,25.587,23.9,25.541,17 921 690
20230317,0000,25.982,26.395,25.67,25.731,18 348 030
20230320,0000,25.623,26.015,25.147,25.901,8 226 160
20230321,0000,26.196,26.39,25.387,26.204,8 825 920
20230322,0000,26.425,27.588,26.245,26.451,17 960 750
20230323,0000,27.1155,27.499,26.691,27.195,12 740 020
20230324,0000,27.031,27.163,26.355,26.776,10 822 110
20230327,0000,26.83,26.991,26.367,26.548,8 010 340
20230328,0000,26.452,26.5,25.859,26.415,8 203 780
20230329,0000,26.821,27.075,26.598,26.991,7 833 700
20230330,0000,27.231,27.499,27.112,27.387,7 445 410
20230331,0000,27.134,27.832,27.107,27.791,13 705 350
20230403,0000,27.52,28,27.337,27.978,7 650 170
20230404,0000,27.975,28,27.312,27.472,6 857 320
20230405,0000,26.829,26.996,26.399,26.879,11 252 060
20230406,0000,26.591,27.076,26.435,27.034,9 557 590
20230410,0000,26.823,27.616,26.677,27.59,8 017 290
20230411,0000,27.721,27.776,27.127,27.169,5 349 580
20230412,0000,27.348,27.457,26.449,26.502,7 855 830
20230413,0000,26.738,26.883,26.332,26.456,6 797 390
20230414,0000,26.502,26.88,26.2265,26.759,9 459 110
20230417,0000,26.587,27.002,26.445,27.001,4 842 240
20230418,0000,27.5335,28.1,27.359,27.674,10 480 250
20230419,0000,27.366,28,27.232,27.933,6 091 320
20230420,0000,27.671,28.03,27.002,27.098,7 735 670
20230421,0000,26.978,27.182,26.736,27.127,7 146 510
20230424,0000,27.039,27.362,26.687,27.042,4 888 810
20230425,0000,27.077,27.243,26.229,26.234,6 213 300
20230426,0000,27.002,27.328,26.717,26.957,9 024 820
20230427,0000,27.35,27.492,26.638,27.221,7 405 240
20230428,0000,27.225,27.758,27.072,27.747,8 237 680
20230501,0000,27.849,29.054,27.781,28.919,10 398 280
20230502,0000,28.679,28.833,28.085,28.204,7 199 820
20230503,0000,27.825,28.366,27.476,27.802,6 842 620
20230504,0000,27.635,27.856,27.24,27.558,7 469 420
20230505,0000,27.8255,28.755,27.732,28.679,11 488 990
20230508,0000,28.517,29.22,28.354,29.156,6 569 200
20230509,0000,28.883,28.965,28.459,28.566,6 206 170
20230510,0000,29.021,29.111,28.471,28.879,7 844 010
20230511,0000,28.934,28.948,28.25,28.576,6 564 490
20230512,0000,28.529,28.778,28.05,28.336,6 690 480
20230515,0000,28.515,28.966,28.163,28.959,5 571 520
20230516,0000,28.843,29.867,28.832,29.212,9 946 000
20230517,0000,29.584,30.197,29.435,30.185,8 796 500
20230518,0000,30.426,31.827,30.32,31.673,17 163 350
20230519,0000,31.519,31.565,30.918,31.262,10 846 620
20230522,0000,30.916,31.514,30.689,31.175,5 458 630
20230523,0000,30.999,31.279,30.634,30.69,6 165 900
20230524,0000,30.201,30.605,29.806,30.527,9 115 700
20230525,0000,38.53,39.476,36.638,37.984,31 586 740
20230526,0000,37.858,39.169,37.576,38.937,16 525 860
20230530,0000,40.595,41.933,39.951,40.116,15 809 840
20230531,0000,39.491,40.285,37.825,37.857,16 761 020
20230601,0000,38.489,40.05,38.349,39.768,11 141 310
20230602,0000,40.093,40.5,39.066,39.322,12 485 280
20230605,0000,38.899,39.556,38.714,39.185,6 618 000
20230606,0000,38.83,39.155,38.15,38.666,6 754 180
20230607,0000,38.914,39.495,37.359,37.485,10 327 780
20230608,0000,37.714,38.86,37.533,38.523,9 510 160
20230609,0000,39.037,39.709,38.573,38.781,12 031 820
20230612,0000,39.1995,39.519,38.625,39.491,6 766 120
20230613,0000,40.186,41.101,39.746,41.024,13 195 950
20230614,0000,40.822,43,40.557,42.986,16 803 500
20230615,0000,42.602,43.289,42.147,42.659,12 266 800
20230616,0000,43.5,43.719,42.668,42.697,14 110 310
20230620,0000,42.997,43.988,42.675,43.809,8 326 680
20230621,0000,43.5095,43.615,42.086,43.049,11 441 460
20230622,0000,42.253,43.425,42.249,43.016,8 449 210
20230623,0000,42.458,42.802,42.033,42.212,9 679 460
20230626,0000,42.461,42.763,40.1,40.624,12 465 760
20230627,0000,40.822,41.937,40.451,41.88,10 007 490
20230628,0000,40.657,41.839,40.518,41.126,12 727 120
20230629,0000,41.558,41.596,40.6,40.845,8 475 900
20230630,0000,41.677,42.55,41.511,42.291,12 159 390
20230703,0000,42.517,42.897,42.202,42.407,4 779 640
20230705,0000,42.122,43.175,42.122,42.323,8 216 410
20230706,0000,41.82,42.176,41.352,42.1,8 301 780
20230707,0000,42.328,43.21,42.187,42.498,11 683 760
20230710,0000,42.657,42.804,41.659,42.183,8 098 450
20230711,0000,42.5,42.755,42.074,42.398,7 272 080
20230712,0000,43.018,43.934,42.797,43.89,12 166 240
20230713,0000,44.518,46.155,44.499,45.976,14 302 010
20230714,0000,46.584,48.035,45.067,45.474,22 167 400
20230717,0000,46.297,46.494,45.275,46.46,11 446 490
20230718,0000,46.701,47.882,45.759,47.492,16 902 190
20230719,0000,47.494,47.804,46.753,47.066,12 574 680
20230720,0000,46.507,47.08,45.076,45.54,18 675 330
20230721,0000,45.808,45.825,44.183,44.327,16 759 190
20230724,0000,44.731,45.103,44.042,44.61,6 933 750
20230725,0000,44.9475,46.175,44.925,45.66,8 530 080
20230726,0000,46.0115,46.033,44.639,45.449,8 702 350
20230727,0000,46.532,47.391,45.751,45.9,16 235 590
20230728,0000,46.654,47.02,46.389,46.739,10 640 100
20230731,0000,46.738,47.123,46.514,46.732,5 914 150
20230801,0000,46.474,46.9,46.043,46.506,5 857 060
20230802,0000,45.79,45.809,43.4,44.266,14 116 410
20230803,0000,43.8,45.118,43.8,44.517,9 009 410
20230804,0000,45,45.6355,44.4,44.686,13 755 180
20230807,0000,45.111,45.539,44.57,45.414,9 210 620
20230808,0000,44.871,45.231,44.067,44.657,8 681 570
20230809,0000,44.27,44.302,42.135,42.551,14 872 400
20230810,0000,42.157,43.566,41.855,42.372,13 438 220
20230811,0000,41.72,42.006,40.639,40.875,15 806 380
20230814,0000,40.5,43.788,40.318,43.766,17 265 020
20230815,0000,44.569,45.243,43.716,43.933,14 723 160
20230816,0000,44.533,44.674,43.406,43.492,13 571 200
20230817,0000,43.962,44.051,43.002,43.35,11 902 920
20230818,0000,42.609,43.569,41.675,43.287,21 222 440
20230821,0000,44.476,47.063,44.238,46.958,12 642 240
20230822,0000,48.1295,48.169,45.35,45.67,13 642 180
20230823,0000,45.885,47.2,45.211,47.123,9 797 540
20230824,0000,50.247,50.247,47.164,47.174,28 264 310
20230825,0000,47.0125,47.801,45.03,46.003,25 189 640
20230828,0000,46.45,46.97,44.9,46.826,13 555 360
20230829,0000,46.672,49.07,46.4,48.774,19 495 090
20230830,0000,49.049,49.927,48.427,49.266,15 729 930
20230831,0000,49.4,49.729,48.967,49.363,13 085 810
20230901,0000,49.78,49.781,48.15,48.514,14 601 280
20230905,0000,48.222,48.847,47.869,48.541,8 703 570
20230906,0000,48.475,48.547,46.582,47.055,12 285 200
20230907,0000,45.506,46.338,45.154,46.239,12 307 390
20230908,0000,45.967,46.603,45.283,45.563,17 194 580
20230911,0000,46.14,46.158,44.326,45.18,11 585 290
20230912,0000,44.721,45.665,44.534,44.861,8 460 330
20230913,0000,44.521,45.93,44.521,45.498,11 388 980
20230914,0000,45.95,45.972,45.135,45.593,12 494 720
20230915,0000,45.317,45.595,43.811,43.899,18 485 720
20230918,0000,42.727,44.24,42.31,43.966,13 542 130
20230919,0000,43.8,43.951,43.012,43.517,8 470 140
20230920,0000,43.6,43.9015,42.225,42.225,9 033 910
20230921,0000,41.575,42.089,40.982,41.005,14 080 940
20230922,0000,41.6,42.106,41.233,41.632,14 953 140
20230925,0000,41.58,42.527,41.191,42.229,9 998 740
20230926,0000,42.011,42.817,41.664,41.898,9 986 780
20230927,0000,42.333,42.866,41.643,42.47,15 263 330
20230928,0000,42.459,43.445,42.118,43.071,16 660 700
20230929,0000,43.851,44.136,43.311,43.49,17 456 450
20231002,0000,44.034,45.17,43.891,44.79,16 595 860
20231003,0000,44.805,45.117,43.2495,43.539,14 746 140
20231004,0000,43.71,44.136,43.294,44.012,15 347 880
20231005,0000,44.17,44.9,43.893,44.677,17 018 790
20231006,0000,44.193,45.781,44.032,45.763,20 956 600
20231009,0000,44.842,45.6,44.37,45.267,13 869 840
20231010,0000,45.352,46.259,45.09,45.798,14 709 230
20231011,0000,46.185,46.847,46.06,46.815,15 629 220
20231012,0000,46.8,47.601,46.338,46.935,20 746 770
20231013,0000,46.972,47.108,45.2805,45.46,17 723 640
20231016,0000,45.036,46.222,44.92,46.081,12 578 670
20231017,0000,43.992,44.752,42.481,43.954,24 638 710
20231018,0000,42.586,43.21,41.829,42.197,21 140 520
20231019,0000,42.813,43.295,41.886,42.096,19 404 580
20231020,0000,41.89,42.463,41.08,41.375,22 583 310
20231023,0000,41.236,43.247,40.95,42.988,17 731 450
20231024,0000,43.066,43.697,42.7,43.671,15 837 220
20231025,0000,43.405,43.65,41.557,41.782,8 771 860
20231026,0000,41.857,42.247,39.899,40.322,12 221 090
20231027,0000,41.137,41.2,40.019,40.495,17 982 210
20231030,0000,41.087,41.758,40.486,41.159,13 308 540
20231031,0000,40.426,40.876,39.234,40.782,15 967 870
20231101,0000,40.908,42.379,40.908,42.316,17 079 720
20231102,0000,43.369,43.878,42.905,43.512,16 571 690
20231103,0000,44.018,45.304,43.741,45.011,15 319 800
20231106,0000,45.3,45.925,44.899,45.763,10 495 620
20231107,0000,45.716,46.215,45.166,45.967,10 250 310
20231108,0000,46.1,46.865,45.983,46.566,9 822 760
20231109,0000,47.467,48.226,46.754,46.955,14 615 940
20231110,0000,47.485,48.47,47.292,48.335,13 050 550
20231113,0000,48.345,49.115,48.1,48.608,11 126 500
20231114,0000,49.67,49.832,49.05,49.662,11 458 230
20231115,0000,49.938,49.942,48.2,48.899,12 446 490
20231116,0000,48.685,49.519,48.339,49.486,10 837 540
20231117,0000,49.459,49.712,49.01,49.3,11 784 180
20231120,0000,49.323,50.548,49.19,50.424,10 156 510
20231121,0000,50.126,50.51,49.232,49.982,13 235 350
20231122,0000,49.851,50.33,47.786,48.703,26 186 040
20231124,0000,48.47,48.92,47.747,47.76,9 934 120
20231127,0000,47.792,48.53,47.657,48.236,11 951 130
20231128,0000,48.241,48.32,47.474,47.821,12 192 170
20231129,0000,48.387,48.758,47.866,48.141,10 673 090
20231130,0000,48.017,48.108,46.425,46.812,15 465 220
20231201,0000,46.506,47.199,46.187,46.758,14 700 440
20231204,0000,46.052,46.053,45.01,45.499,11 882 530
20231205,0000,45.461,46.6,45.281,46.579,9 727 520
20231206,0000,47.276,47.367,45.417,45.534,10 486 830
20231207,0000,45.712,46.628,45.605,46.603,10 791 450
20231208,0000,46.585,47.737,46.585,47.508,14 122 790
20231211,0000,47.486,47.5,45.83,46.639,14 989 900
20231212,0000,46.169,47.666,46.124,47.666,10 397 000
20231213,0000,47.629,48.594,47.616,48.092,14 583 330
20231214,0000,48.37,48.67,47.425,48.342,11 322 780
20231215,0000,48.266,49.402,48.152,48.913,15 735 310
20231218,0000,49.4,50.424,49.17,50.083,11 685 100
20231219,0000,49.423,49.7,48.896,49.614,12 581 160
20231220,0000,49.664,49.998,48.102,48.135,10 602 250
20231221,0000,48.875,49.095,48.425,48.992,8 416 600
20231222,0000,49.184,49.379,48.485,48.823,8 341 190
20231226,0000,48.975,49.597,48.974,49.275,5 051 770
20231227,0000,49.49,49.669,49.085,49.423,5 759 380
20231228,0000,49.669,49.88,49.419,49.535,7 606 500
20231229,0000,49.832,49.996,48.761,49.526,13 758 990
20240102,0000,49.2755,49.281,47.6,48.188,10 503 130
20240103,0000,47.48,48.183,47.32,47.566,8 095 610
20240104,0000,47.767,48.499,47.52,47.983,9 621 530
20240105,0000,48.482,49.542,48.331,49.092,16 324 080
20240108,0000,49.533,52.275,49.483,52.236,16 650 620
20240109,0000,52.399,54.318,51.701,53.14,18 821 610
20240110,0000,53.6375,54.6,53.5,54.343,12 960 140
20240111,0000,54.967,55.338,53.571,54.818,14 336 400
20240112,0000,54.606,54.97,54.335,54.704,8 959 490
20240116,0000,55.073,56.83,54.917,56.401,10 656 440
20240117,0000,56.347,56.47,54.753,56.051,10 253 960
20240118,0000,57.282,57.6,56.107,57.102,14 478 500
20240119,0000,57.961,59.499,57.249,59.499,18 188 730
20240122,0000,60.043,60.33,59.07,59.665,9 360 600
20240123,0000,59.515,59.91,58.594,59.867,7 170 820
20240124,0000,60.335,62.84,59.945,61.365,15 489 020
20240125,0000,62.338,62.709,60.865,61.656,12 002 710
20240126,0000,60.976,61.783,60.573,61.024,11 607 870
20240129,0000,61.237,62.483,60.909,62.469,6 852 240
20240130,0000,62.9215,63.49,62.268,62.786,8 984 940
20240131,0000,61.328,62.251,60.7,61.5,10 809 160
20240201,0000,62.15,63.191,61.66,63.035,11 131 310
20240202,0000,63.971,66.598,63.693,66.153,16 279 780
20240205,0000,68.241,69.479,67.233,69.3,14 224 010
20240206,0000,69.681,69.7535,66.3,68.231,13 887 650
20240207,0000,68.35,70.218,67.6,70.082,11 616 380
20240208,0000,70.087,70.76,69.49,69.66,9 096 480
20240209,0000,70.544,72.182,70.238,72.108,11 979 200
20240212,0000,72.591,74.6,71.271,72.251,13 601 320
20240213,0000,70.363,73.446,69.689,72.182,13 450 730
20240214,0000,73.237,74.223,71.985,73.897,10 916 780
20240215,0000,73.913,73.959,72.401,72.683,10 185 430
20240216,0000,74.051,74.4,72.502,72.589,12 901 910
20240220,0000,71.953,71.956,67.747,69.487,12 735 090
20240221,0000,68.011,68.865,66.261,67.49,10 030 510
20240222,0000,75.071,78.573,74.271,78.527,20 164 940
20240223,0000,80.788,82.392,77.6,78.847,19 092 550
20240226,0000,79.7,80.609,78.531,79.108,9 763 690
20240227,0000,79.357,79.48,77.197,78.761,7 477 730
20240228,0000,77.69,78.93,77.139,77.69,6 257 300
20240229,0000,79.094,79.99,78.366,79.018,9 854 140
20240301,0000,79.986,82.3,79.441,82.274,14 708 810
20240304,0000,84.13,87.69,83.753,85.237,13 292 380
20240305,0000,85.2685,86.087,83.434,85.982,11 155 540
20240306,0000,88.082,89.706,87.046,88.734,13 934 710
20240307,0000,90.175,92.736,89.654,92.588,14 567 900
20240308,0000,95.168,97.374,86.524,87.502,24 070 870
20240311,0000,86.246,88.79,84.201,85.811,10 608 160
20240312,0000,88.049,91.943,86.177,91.937,12 122 050
20240313,0000,91.206,91.5,88.458,90.926,12 125 040
20240314,0000,89.577,90.621,86.615,87.962,13 591 690
20240315,0000,86.93,89.54,86.293,87.841,11 954 110
20240318,0000,90.415,92.392,87.105,88.463,11 956 420
20240319,0000,86.595,90.536,85.01,89.397,11 975 280
20240320,0000,89.867,90.4,88.223,90.371,9 558 460
20240321,0000,92.355,92.615,90.408,91.435,10 782 530
20240322,0000,91.141,94.769,90.88,94.25,16 752 690
20240325,0000,93.969,96.75,93.51,95.001,10 927 500
20240326,0000,95.849,96.356,92.521,92.521,9 859 580
20240327,0000,93.1,93.205,89.145,90.269,11 528 670
20240328,0000,90,91.288,89.2,90.25,9 416 510
20240401,0000,90.322,92.223,89.205,90.375,7 249 640
20240402,0000,88.483,90.081,87.64,89.5,8 325 390
20240403,0000,88.501,90.371,88.43,88.966,7 263 980
20240404,0000,90.35,90.613,85.88,85.89,9 290 390
20240405,0000,86.86,88.476,85.972,88.024,11 339 440
20240408,0000,88.642,88.82,86.732,87.142,5 034 750
20240409,0000,87.442,87.635,83.022,85.335,9 983 310
20240410,0000,83.923,87.389,83.734,87.039,10 041 560
20240411,0000,87.407,90.735,86.947,90.617,11 275 140
20240412,0000,89.729,90.146,87.534,88.23,12 731 880
20240415,0000,89.111,90.613,85.947,85.969,8 462 060
20240416,0000,86.5,88.108,86.08,87.4,9 298 040
20240417,0000,88.309,88.765,83.953,84.039,13 584 470
20240418,0000,85.037,86.185,82.429,84.675,11 568 100
20240419,0000,83.107,84.3,75.643,76.221,26 333 630
20240422,0000,78.131,80.051,76.409,79.493,14 216 430
20240423,0000,80.801,82.766,80.272,82.38,10 201 850
20240424,0000,83.972,84.07,79.195,79.651,11 906 560
20240425,0000,78.969,83.303,78.257,82.686,11 315 570
20240426,0000,83.856,88.322,83.387,87.798,18 087 840
20240429,0000,87.6,87.974,85.285,87.836,9 287 780
20240430,0000,87.25,88.8,86.3,86.377,7 765 040
20240501,0000,85.129,86,81.272,83.06,14 990 580
20240502,0000,84.513,86.236,83.2,85.8375,11 038 230
20240503,0000,87.701,89.276,87.05,88.78,13 148 270
20240506,0000,89.395,92.2055,89.068,92.121,9 636 390
20240507,0000,91.0355,91.744,89.012,90.542,11 309 480
20240508,0000,89.49,91.188,89.423,90.396,8 846 900
20240509,0000,90.507,91.07,88.247,88.79,10 333 580
20240510,0000,90.221,91.4,89.238,89.859,13 801 540
20240513,0000,90.474,90.995,88.552,90.428,6 161 170
20240514,0000,89.594,91.645,88.986,91.357,11 824 000
20240515,0000,92.465,94.862,91.604,94.649,16 205 140
20240516,0000,94.98,95.8,94.13,94.4,9 681 510
20240517,0000,94.483,94.71,91.815,92.483,12 002 250
20240520,0000,93.7805,95.2,93.463,94.81,5 424 560
20240521,0000,93.566,95.4,93.181,95.377,6 563 220
20240522,0000,95.451,96,93.29,94.898,7 901 120
20240523,0000,102.028,106.28,101.547,103.775,22 607 630
20240524,0000,104.4575,106.451,103.003,106.411,11 859 020
20240528,0000,110.244,114.903,109.9,113.89,15 094 240
20240529,0000,113.05,115.485,110.92,114.681,13 388 780
20240530,0000,114.654,115.761,109.663,110.526,10 722 390
20240531,0000,112.421,112.711,106.956,109.502,15 688 340
20240603,0000,113.654,115,112.044,115,12 186 540
20240604,0000,115.759,116.6,114.06,116.443,11 448 460
20240605,0000,118.371,122.449,117.488,122.449,13 762 140
20240606,0000,124.0465,125.586,118.343,120.941,17 413 330
20240607,0000,119.719,121.678,118.025,120.865,11 112 170
20240610,0000,120.36,123.08,117.01,121.66,10 748 579
20240611,0000,121.76,122.87,118.75,120.91,6 016 784
20240612,0000,123.06,126.88,122.57,125.26,9 827 187
20240613,0000,129.48,129.8,127.17,129.32,8 069 948
20240614,0000,129.9,132.83,128.32,131.93,9 123 507
20240617,0000,132.92,133.72,129.59,130.99,9 330 851
20240618,0000,131.14,136.32,130.73,135.66,9 121 337
20240620,0000,139.8,140.76,129.53,130.92,16 303 037
20240621,0000,127.1,130.62,124.3,127,12 499 625
20240624,0000,123.24,124.46,118.04,118.07,11 802 931
20240625,0000,121.18,126.495,119.33,126.18,9 833 767
20240626,0000,126.1,128.11,122.61,126.44,9 724 963
20240627,0000,124.09,126.4,122.93,123.95,6 234 829
20240628,0000,124.575,127.7,122.76,123.52,8 949 256
20240701,0000,123.465,124.84,118.84,124.2,6 973 203
20240702,0000,121.13,123.36,121.06,122.69,5 884 908
20240703,0000,121.6,128.28,121.36,128.27,5 736 550
20240705,0000,127.32,128.83,125.7,125.81,5 781 832
20240708,0000,127.49,130.76,127.06,128.14,5 941 879
20240709,0000,130.36,133.81,128.67,131.43,7 277 895
20240710,0000,134.03,135.09,132.43,134.84,5 670 900
20240711,0000,135.91,136.15,127.06,127.48,13 268 076
20240712,0000,128.28,131.915,127.24,129.13,12 237 736
20240715,0000,130.64,131.36,127.19,128.43,5 415 527
20240716,0000,128.41,129.02,124.58,126.32,5 009 711
20240717,0000,121.36,121.84,116.73,117.91,11 266 419
20240718,0000,121.83,122.39,116.56,121.11,7 357 360
20240719,0000,120.365,121.59,117.38,118,6 045 912
20240722,0000,120.35,124.07,119.87,123.64,7 222 885
20240723,0000,122.79,124.69,122.11,122.43,3 746 282
20240724,0000,119.17,119.94,113.55,114.39,7 758 300
20240725,0000,113.04,116.63,106.31,112.4,12 409 330
20240726,0000,116.11,116.18,111.59,113.07,6 384 741
20240729,0000,113.69,116.28,111.3,111.53,5 286 462
20240730,0000,111.52,111.99,102.54,103.69,12 164 653
20240731,0000,112.9,118.33,110.88,117.13,12 392 850
20240801,0000,117.59,120.14,106.82,109.38,14 464 859
20240802,0000,103.83,108.71,101.37,107.31,12 112 512
20240805,0000,92.02,103.4,90.73,100.62,13 260 137
20240806,0000,103.84,107.7,100.55,104,11 296 053
20240807,0000,107.81,108.8,98.69,98.75,9 302 061
20240808,0000,102.01,105.5,97.54,105.16,7 833 498
20240809,0000,105.57,106.59,103.43,104.7,5 317 198
20240812,0000,106.33,111.06,106.31,109.1,6 785 411
20240813,0000,112.44,116.23,111.58,116.15,7 677 493
20240814,0000,118.48,118.59,114.09,117.96,6 280 729
20240815,0000,118.87,123.23,117.47,122.91,7 806 513
20240816,0000,121.94,125,121.2,124.57,6 070 168
20240819,0000,124.27,130,123.42,129.99,6 694 316
20240820,0000,128.4,129.86,125.9,127.27,5 794 110
20240821,0000,127.31,129.34,126.66,128.42,4 625 066
20240822,0000,130.02,130.75,123.1,123.86,8 777 283
20240823,0000,125.86,129.59,125.24,129.26,7 760 177
20240826,0000,129.57,131.26,124.38,126.5,6 530 895
20240827,0000,125.07,129.19,123.89,128.32,5 235 809
20240828,0000,128.08,128.32,122.66,125.57,6 429 866
20240829,0000,121.39,124.43,116.73,117.59,8 541 893
20240830,0000,119.51,121.74,117.23,119.41,6 279 064
20240903,0000,116,116.21,107.29,108.02,9 752 195
20240904,0000,105.29,109.99,104.13,106.17,9 692 849
20240905,0000,105,109.645,104.76,107.24,5 438 520
20240906,0000,108.07,108.14,100.95,102.81,8 358 748
20240909,0000,104.88,106.54,103.72,106.49,4 429 710
20240910,0000,107.87,109.39,104.95,108.02,5 590 981
20240911,0000,109.39,117.17,107.43,116.73,11 246 677
20240912,0000,116.87,120.79,115.39,119.24,6 912 284
20240913,0000,119.01,119.95,117.62,119.08,4 694 258
20240916,0000,116.79,118.175,114.37,116.78,4 569 723
20240917,0000,118.17,118.8,114.84,115.5,4 688 740
20240918,0000,115.92,117.69,113.24,113.24,6 068 059
20240919,0000,117.34,119.66,117.265,117.98,5 907 442
20240920,0000,117.02,118.6,115.41,116.04,6 679 417
20240923,0000,116.54,116.98,114.88,116.25,3 977 533
20240924,0000,116.515,121.8,115.38,120.93,8 887 342
20240925,0000,122.02,124.93,121.63,123.52,6 095 539
20240926,0000,126.81,127.66,121.8,123.98,7 641 273
20240927,0000,123.93,124,119.27,121.38,6 874 480
20240930,0000,118.31,121.5,118.16,121.5,4 474 183
20241001,0000,121.79,122.43,115.79,116.95,7 233 658
20241002,0000,116.44,119.38,115.15,118.85,4 801 899
20241003,0000,120.92,124.355,120.36,122.91,7 665 258
20241004,0000,124.95,125.04,121.9,124.89,5 992 988
20241007,0000,124.99,130.63,124.96,127.8,8 800 254
20241008,0000,130.26,133.48,129.43,132.94,6 512 545
20241009,0000,134.14,134.52,131.385,132.64,5 685 828
20241010,0000,131.93,135,131.31,134.8,5 471 242
20241011,0000,134.03,135.78,133.67,134.75,4 743 463
20241014,0000,136.42,139.6,136.3,138.18,5 649 636
20241015,0000,137.84,138.56,128.74,131.76,10 682 075
20241016,0000,133.98,136.61,131.58,135.7,6 610 157
20241017,0000,139.32,140.89,136.89,136.92,9 230 736
20241018,0000,138.67,138.8,137.29,137.97,4 683 558
20241021,0000,138.12,143.69,138.03,143.69,6 353 203
20241022,0000,142.965,144.41,141.78,143.57,5 622 417
20241023,0000,142.03,142.41,137.47,139.56,8 439 203
20241024,0000,140.82,141.34,138.47,140.41,4 917 558
20241025,0000,140.93,144.12,140.83,141.46,6 269 948
20241028,0000,143.065,143.14,140.06,140.54,4 745 195
20241029,0000,140.26,142.25,138.91,141.3,3 808 358
20241030,0000,139.49,140.32,136.82,139.06,4 222 139
20241031,0000,137.6,137.61,132.13,132.52,8 305 118
20241101,0000,134.63,137.3,134.57,135.42,5 917 164
